Numéro,Heure,Destination,,Fiche horaire
"RER E
Transilien",07h16,Chelles-Gournay,départ imminent,Horaires Paris Nord Chelles-Gournay
"RER D
Transilien",07h17,Goussainville,départ dans 1 minute,Horaires Paris Nord Goussainville
"RER B
Transilien",07h17,Massy Palaiseau RER,départ dans 1 minute,
"RER B
Transilien",07h18,Aéroport Charles-de-Gaulle 2,départ dans 2 minutes,
"RER E
Transilien",07h18,Haussmann Saint-Lazare,départ dans 2 minutes,Horaires Paris Nord Haussmann Saint-Lazare
"RER B
Transilien",07h20,Robinson,départ dans 4 minutes,
"9309
Thalys",07h21,Amsterdam CS,départ dans 5 minutes,Horaires Paris Nord Amsterdam CS
"9409
Thalys",07h21,Bruxelles Midi,départ dans 5 minutes,Horaires Paris Nord Bruxelles Midi
"RER B
Transilien",07h21,La Plaine-Stade-de-France,départ dans 5 minutes,Horaires Paris Nord La Plaine-Stade-de-France
"RER E
Transilien",07h21,Tournan,départ dans 5 minutes,Horaires Paris Nord Tournan
"RER D
Transilien",07h23,Orry la Ville-Coye,départ dans 7 minutes,Horaires Paris Nord Orry la Ville-Coye
"RER B
Transilien",07h23,St-Rémy-les-Chevreuse,départ dans 7 minutes,
"12005
Intercités",07h28,Amiens,départ dans 12 minutes,Horaires Paris Nord Amiens
"47601
TER",07h31,Creil,départ dans 15 minutes,Horaires Paris Nord Creil
"9009
Eurostar",07h34,London St. Pancras EST,départ dans 18 minutes,
"47407
TER",07h35,Beauvais,départ dans 19 minutes,Horaires Paris Nord Beauvais
"12301
Intercités",07h37,Maubeuge,départ dans 21 minutes,Horaires Paris Nord Maubeuge
"7513
TGV",07h40,Boulogne-Ville,départ dans 24 minutes,Horaires Paris Nord Boulogne-Ville
"7511
TGV",07h40,Dunkerque,départ dans 24 minutes,Horaires Paris Nord Dunkerque
"7105
TGV",07h46,Valenciennes,départ dans 30 minutes,Horaires Paris Nord Valenciennes
"9413
Thalys",07h57,Cologne Hbf,départ dans 41 minutes,Horaires Paris Nord Cologne Hbf
"12303
Intercités",08h07,St-Quentin,départ dans 51 minutes,Horaires Paris Nord St-Quentin
"7015
TGV",08h10,Lille-Flandres,départ dans 54 minutes,Horaires Paris Nord Lille-Flandres
"49911
TER",08h34,Laon,départ dans 1 h 18 min,Horaires Paris Nord Laon
"47803
TER",08h49,Compiègne,départ dans 1 h 33 min,Horaires Paris Nord Compiègne